{
  "random_state": 42,
  "numeric_cols": [
    "age",
    "fnlwgt",
    "education.num",
    "capital.gain",
    "capital.loss",
    "hours.per.week"
  ],
  "categorical_cols": [
    "workclass",
    "marital.status",
    "occupation",
    "relationship",
    "race",
    "sex",
    "native.country"
  ],
  "holdout_metrics": {
    "accuracy": 0.8046982957162598,
    "precision": 0.563519313304721,
    "recall": 0.8373724489795918,
    "f1": 0.6736788096459723,
    "roc_auc": 0.9028601607478177
  },
  "cv_summary": {
    "accuracy": 0.8085442043525877,
    "precision": 0.5687404192107864,
    "recall": 0.8481072208998321,
    "f1": 0.6808741716554169,
    "roc_auc": 0.9052601577345778,
    "tn": 3935.4,
    "fp": 1008.6,
    "fn": 238.2,
    "tp": 1330.0
  },
  "best_fold_by_f1": {
    "fold": 5,
    "f1": 0.691698595146871
  },
  "best_fold_by_auc": {
    "fold": 5,
    "roc_auc": 0.9101214211412721
  }
}